,Rank,User Name,Contests Attended,Country
0,1,neal_wu,51,United States
1,2,numb3r5,81,Australia
2,3,nyu_ldf,86,
3,4,int65536,35,China
4,5,JOHNKRAM,220,China
5,6,endlesscheng,158,China
6,7,uwi,331,Japan
7,8,arignote,192,China
8,9,moransky,65,China
9,10,wwwwodddd,24,United States
10,11,wifiii,121,China
11,12,Heltion,126,China
12,13,xiaowuc1,51,United States
13,14,penguinhacker,72,
14,15,tmwilliamlin168,31,Taiwan
15,16,jonathanirvings,70,Singapore
16,17,wwwwodddd,26,China
17,18,hitonanode,87,Japan
18,19,lucifer1005,56,China
19,20,natsugiri,218,Japan
20,21,qeetcode,57,United States
21,22,Yawn_Sean,74,China
22,23,lucifer1004,94,China
23,24,bucketpotato,23,United States
24,25,PurpleCrayon,42,
25,26,qingczha,179,China
26,27,jasonvictoryan,80,China
27,28,kirika-comp,46,Japan
28,29,fan_of_emptyhope,26,China
29,30,dreamoon,96,Taiwan
30,31,pathetic-dog,8,India
31,32,kmjp,236,
32,33,y0105w49,32,Canada
33,34,awice,160,Canada
34,35,zerotrac2,127,China
35,36,LayCurse,203,Japan
36,37,Tlatoani,84,Mexico
37,38,skywalkert,112,China
38,39,hank55663,150,Taiwan
39,40,xay5421,23,China
40,41,aging,182,China
41,42,lympanda,135,
42,43,thenymphsofdelphi,20,Vietnam
43,44,ljc00118,16,China
44,45,wjli,306,United States
45,46,lucifer1006,77,美国
46,47,cpp_template,28,China
47,48,hhhyyyfff,40,China
48,49,huzecong,36,China
49,50,jtjl,55,China
50,51,liouzhou_101,223,China
51,52,Sd-Invol,42,China
52,53,DylanSmith,194,United States
53,54,beet,78,Japan
54,55,zcgzcgzcg,136,
55,56,cuiaoxiang,324,China
56,57,emthrm,143,Japan
57,58,asdfasdfasdf123123,48,China
58,59,tabr,54,Japan
59,60,tsreaper,95,China
60,61,jinmingli,267,China
61,62,sheepforever,63,
62,63,0suoicsnocbus,14,United States
63,64,ayamt,21,China
64,65,ling-jian-2012,54,China
65,66,smax,26,
66,67,ASAPIN,73,China
67,68,sfiction,14,China
68,69,tiger2005,64,China
69,70,xuxiaohu,59,China
70,71,acw_yxc,57,China
71,72,wery0,33,Russia
72,73,superluminal,212,United States
73,74,pr3pony,38,Taiwan
74,75,rfpermen,60,Indonesia
75,76,Minori,142,China
76,77,sserxhs,44,China
77,78,dnialh,16,
78,79,vibrant-mayerhct,98,China
79,80,chiro_11,50,China
80,81,AQT,25,Canada
81,82,oldyan,137,China
82,83,zqy1018,122,China
83,84,nhho,84,Hong Kong
84,85,tonylukamumu,27,United States
85,86,sammochen,60,New Zealand
86,87,__declspec,110,Hong Kong
87,88,megurine,80,China
88,89,Ujimatsu_Chiya,180,百慕大
89,90,Dymonchyk,29,Ukraine
90,91,xh286286,146,China
91,92,aropan,32,Belarus
92,93,robezh-4,18,China
93,94,AntonRaichuk,33,Ukraine
94,95,996yyds,6,
95,96,shengtongtong,39,China
96,97,pornjoke,31,朝鲜
97,98,meyi,44,China
98,99,paigulong,59,China
99,100,hongrock,35,China
100,101,watashi,69,China
101,102,pku_erutan,143,China
102,103,milesian-c,125,China
103,104,renascencepjw0510,20,China
104,105,rgb234rgb,76,China
105,106,cai_lw,172,United States
106,107,cksp,107,China
107,108,qwnjc,334,
108,109,Felerius,16,Germany
109,110,kpole,54,China
110,111,Rhodoks,24,China
111,112,riantkb,28,Japan
112,113,Kude,139,Japan
113,114,galencolin,12,
114,115,physics0523,26,Japan
115,116,SaveVMK,298,United States
116,117,DickLearning,128,Taiwan
117,118,arknave,38,United States
118,119,qqwqert007,145,China
119,120,xaphoenix,14,Singapore
120,121,flashmt,31,Vietnam
121,122,kotamanegi,35,Japan
122,123,ruimina,48,China
123,124,tian-tang-6,106,China
124,125,CZSNB,98,China
125,126,fjzzq2002,5,
126,127,gooday-3,59,China
127,128,7ucid-herscheld6u,5,China
128,129,atf,116,United States
129,130,huangyuyang,147,China
130,131,c8kbf,21,Canada
131,132,zxyl,23,Canada
132,133,mangoqwq,15,Canada
133,134,kybconnor,47,China
134,135,MagentaCobra,70,United States
135,136,OTTFF,238,China
136,137,sdcgvhgj,75,China
137,138,lddlinan,262,China
138,139,heyshb,60,China
139,140,Sky_OwO_233,36,China
140,141,xyzzzzzzzz,88,United States
141,142,raincoat911,199,United States
142,143,coding_lord,22,
143,144,sylxjtu,29,
144,145,skqliiiao,34,China
145,146,424479543,44,China
146,147,noxe,80,China
147,148,nakari1124,106,Japan
148,149,qqapp,25,China
149,150,anil9717,50,India
150,151,EagleEyeKestrel,89,China
151,152,racsosabe,27,Peru
152,153,_kevinyang,22,Canada
153,154,yang12138,42,China
154,155,ykx_akks,113,圣诞岛
155,156,ychzhou,54,China
156,157,keep__calm,29,India
157,158,yubowenok,174,China
158,159,Glukua,30,
159,160,BossBobster,87,United States
160,161,A_Le_K,134,Latvia
161,162,ab__c,34,China
162,163,mafailure,54,India
163,164,duyiblue,18,China
164,165,juang11,27,China
165,166,LighTcml,52,China
166,167,goffrie,11,Canada
167,168,MonthlyMango,94,Canada
168,169,w285714,192,China
169,170,mi-ka-d,30,China
170,171,newhar,183,China
171,172,EmKjp,138,Japan
172,173,14417335,83,United States
173,174,merlininice,37,China
174,175,deadRabbit,120,Ukraine
175,176,mon3ter,123,China
176,177,MaskRay,40,China
177,178,_Hy3,40,China
178,179,badgergo,19,
179,180,peehs_moorhsum,7,
180,181,xyr2005,6,China
181,182,megaspazz,243,United States
182,183,foorest,75,United States
183,184,cchao,93,Taiwan
184,185,18o3,43,India
185,186,acvv_cxy,29,China
186,187,besieger,53,
187,188,skyflaming,6,China
188,189,meemi,116,
189,190,venn-4v8,7,China
190,191,Fr0benius,68,United States
191,192,Mefarnis,23,Germany
192,193,nskybytskyi,28,Ukraine
193,194,user6987q,75,China
194,195,htedsv-i,78,China
195,196,neal99,35,
196,197,Jerry2905,62,Australia
197,198,XYShaoKang,82,China
198,199,polonez,30,China
199,200,zokumyoin,171,Ukraine
200,201,lxhgww,23,China
201,202,froggygua,22,阿鲁巴
202,203,cijin,40,
203,204,MaskRay,42,China
204,205,yzh-x5,24,China
205,206,huanglanzhiguan,229,China
206,207,kresna,58,Indonesia
207,208,darrenhp,243,China
208,209,sun-man-man,245,China
209,210,__Chaos__,68,China
210,211,HanaYukii,72,Taiwan
211,212,chenwang0517,32,China
212,213,daydayUppp,112,China
213,214,i_love_xiaoshagua_cpp,135,China
214,215,LVL99,73,
215,216,IBle4ivChI,37,China
216,217,ahyangyi,25,China
217,218,mai-zi-h,83,China
218,219,FEMBOYLUVR99999999999999999999,36,United States
219,220,Kmcode,27,Japan
220,221,bitetheD4T,42,圣诞岛
221,222,jevancc,57,Taiwan
222,223,dacdodinh99,37,Vietnam
223,224,Xuderian,42,China
224,225,kzyKT,225,Japan
225,226,rtmkz,39,Kazakhstan
226,227,liupengsay,51,China
227,228,lbjlc,173,
228,229,user7269F,9,
229,230,0ffers,44,China
230,231,qiye-5,87,China
231,232,xi-jun-xiao-zi,201,China
232,233,huiget-6,76,China
233,234,ianwong1999,15,Hong Kong
234,235,hamayanhamayan,40,Japan
235,236,Akatsuki_,167,
236,237,lxylxy123456,49,
237,238,walk-alone-a,22,China
238,239,hkwu6013,78,Taiwan
239,240,nevergiveup,403,China
240,241,KyouMoKawaii,48,
241,242,shiomusubi496,35,Japan
242,243,tonyli0000,208,United States
243,244,huah-f,9,China
244,245,Kaizyn,108,China
245,246,Errichto,7,Poland
246,247,ethanrao,20,Canada
247,248,2499370956,282,
248,249,sayakaFan,25,China
249,250,peterrockwave,116,United States
250,251,pku_erutan,49,China
251,252,aaronyen,151,Taiwan
252,253,solene,41,
253,254,sleepybag,149,China
254,255,zrts,78,China
255,256,wlzhouzhuan,23,China
256,257,LarryNY,208,United States
257,258,laekov_prc,35,China
258,259,superj,191,China
259,260,66brother,47,United States
260,261,satanic0258,32,Japan
261,262,ykx_akks,40,Christmas Island
262,263,orthogonal1,101,Taiwan
263,264,CosmicWolf,89,Indonesia
264,265,clairesworld111,29,United States
265,266,taran_1407,35,India
266,267,tonghuikang,247,Singapore
267,268,Maruzensky,68,
268,269,smartly,28,China
269,270,vclip,31,China
270,271,zanj0,120,India
271,272,zoo30215,58,Taiwan
272,273,RadianceSheep,91,
273,274,delphih,158,United States
274,275,rui_er,17,China
275,276,littletime_cc,79,China
276,277,grawlixes,105,United States
277,278,shmilyty,15,China
278,279,v5qYY4Q65w,68,China
279,280,duyiblue,18,United States
280,281,coder206,172,
281,282,9am,58,China
282,283,nots0fast,20,
283,284,acfinity,14,China
284,285,bry_rp,34,
285,286,razimantv,23,India
286,287,saffah,18,China
287,288,leetcode_200801,23,North Korea
288,289,profchi,52,Canada
289,290,ap1008,41,India
290,291,hxu10,169,United States
291,292,balakrishnan_v,226,United States
292,293,mollnn,26,China
293,294,knarf,175,China
294,295,priceless-visvesvarayaxhk,25,China
295,296,sempr,38,China
296,297,thomas-li,29,Canada
297,298,clonemasterUwU,73,United States
298,299,AinuYu,7,China
299,300,NEU20133823,246,China
300,301,CppSail,9,China
301,302,LosingNowLosingLate,24,India
302,303,winter_training,129,China
303,304,kikokiko,25,China
304,305,_-_-_-,80,China
305,306,Dup4,58,China
306,307,hughstudy-n,148,China
307,308,msmsmsmsms-4,44,China
308,309,Yulian_Yarema,41,United States
309,310,USF-CS,26,United States
310,311,tong-cai-hong,33,China
311,312,nopenope,14,China
312,313,justdoit2,107,China
313,314,huangxw,58,China
314,315,anhpp-i,44,China
315,316,serdes,54,
316,317,wasa855,9,China
317,318,littledva,47,China
318,319,yi-xing-chao-ren,18,China
319,320,finite_automaton_enthusiast,15,United States
320,321,Chaeyoung_Stan,25,Bangladesh
321,322,nkuzhu-cristiano,64,China
322,323,kcsquared,38,United States
323,324,Agnimandur,17,United States
324,325,jayxray,24,
325,326,wheneveright,30,China
326,327,lanly,36,China
327,328,lIlIlIl,12,
328,329,Decision,76,China
329,330,krists,37,Latvia
330,331,KimTaeyeon,85,South Korea
331,332,nthistle,38,United States
332,333,shik,12,Taiwan
333,334,jyq_,53,China
334,335,fanzhh,167,China
335,336,olimpo,66,United States
336,337,han3000,191,China
337,338,cthbst,29,Taiwan
338,339,fdironia,37,China
339,340,seers-v,30,China
340,341,nicholask_17,85,Hong Kong
341,342,lsmll,10,China
342,343,mingqin-chen,79,China
343,344,isuda,30,China
344,345,goodstudyqaq,83,China
345,346,rh137,59,Taiwan
346,347,wnjxyk,211,China
347,348,zscnash,22,China
348,349,maxd-3,41,China
349,350,nameless-chessfoot,117,China
350,351,setsunachyan,34,China
351,352,ChangXingJiang,39,China
352,353,lee0560,211,China
353,354,arubaababa,17,China
354,355,wangyisong,14,China
355,356,FromDihPout,58,
356,357,wisest,142,South Korea
357,358,fmota,11,Brazil
358,359,libricardo,107,China
359,360,weak-chicken,123,China
360,361,wssx349,58,United States
361,362,Liam66,15,United States
362,363,RJMCMC,37,United States
363,364,pig-xiaohua,9,
364,365,Jy_Tan,178,
365,366,farmerboy,110,Singapore
366,367,jianghd1996,92,China
367,368,wangYiTiaoYu,150,China
368,369,Mip182,29,Russia
369,370,shawnxi,106,China
370,371,affine,18,China
371,372,szp14,310,China
372,373,lozy219,160,China
373,374,233999,59,China
374,375,Backl1ght,29,China
375,376,tylerwang,141,United States
376,377,tsholmes,20,United States
377,378,retraci,48,China
378,379,simon1024,70,China
379,380,redamancy-11,22,China
380,381,hahahiehie,235,United States
381,382,zhenfisher,177,China
382,383,prajwal_733,63,India
383,384,ychzhou,65,
384,385,Marmaduke,166,United States
385,386,mouryasatyam,28,India
386,387,cyzh,79,China
387,388,silvernarcissus,206,China
388,389,RealFan,60,Singapore
389,390,KerimKochekov,14,Turkmenistan
390,391,meladrama,41,
391,392,ChickenTeeth,48,
392,393,primeg,69,China
393,394,pentester,42,
394,395,ZelKnow,84,China
395,396,jzjsuper,35,United States
396,397,tanakat01,140,Japan
397,398,zzzzchs,34,China
398,399,lin-yi-zw,10,China
399,400,pichulia,9,South Korea
400,401,yangxm,23,
401,402,TryoneTry,28,China
402,403,ydchentw,95,Taiwan
403,404,song-204,104,China
404,405,jeemzz147,63,China
405,406,richenyunqi,95,China
406,407,Anarchy,53,Bangladesh
407,408,jljljljljl,86,
408,409,srikkanthr,76,India
409,410,suiyuan1992,73,Switzerland
410,411,JiaLiLue,126,China
411,412,koishi514,94,China
412,413,lunaticge,45,日本
413,414,miahall,21,China
414,415,DDrice,29,
415,416,dan-dan-juan-juan,45,China
416,417,lxhgww,17,China
417,418,fireee,70,China
418,419,cuiwanyun,70,China
419,420,foxtail,65,China
420,421,agarwal_keshav,30,India
421,422,VarunR,37,United States
422,423,Shoom,58,
423,424,piped_by_amazon,35,
424,425,Tima_,17,Kazakhstan
425,426,hanshaohey,9,
426,427,face4,38,Japan
427,428,kei921,46,China
428,429,sevenkplus,7,
429,430,x____x,191,
430,431,mkawa222,172,Japan
431,432,yuanyuan1024,87,China
432,433,shaletome,38,United States
433,434,WJTung,179,Taiwan
434,435,chicken_you_too_beautiful,7,
435,436,ezoixx130,13,China
436,437,bartsun,35,China
437,438,huizew,79,China
438,439,shyshy-boy,63,China
439,440,thhsu,120,Canada
440,441,20210329.goodbye-leetcode,52,China
441,442,CaoRui,33,China
442,443,er-fen-zhi-yi-r,27,China
443,444,YouSiki,17,China
444,445,chenjianxu97,138,
445,446,playingspent,45,
446,447,privite,27,China
447,448,kayroger-n,10,China
448,449,icyphere,100,
449,450,agoodusername,84,China
450,451,_DAle_,39,
451,452,Roka,34,Ireland
452,453,thuczh,206,China
453,454,KakaHiguain,56,China
454,455,axlsdtkl,46,China
455,456,winter_dragon,99,India
456,457,sweetpotato2,65,
457,458,bitoy,45,China
458,459,pi-hua-ting,45,China
459,460,cushion,119,China
460,461,617280219,45,
461,462,Hexadecimal,392,
462,463,duyboy135,20,
463,464,freya-6,40,China
464,465,MkaanTheKing,11,Turkey
465,466,Ajit123,110,India
466,467,lixuanji,71,Singapore
467,468,liuyubobobo,166,海外
468,469,suzyzhang,140,China
469,470,acvv_choufeng,37,China
470,471,Pisces311,69,United States
471,472,SirTechnical,39,
472,473,huaji035,57,China
473,474,tmoux,12,
474,475,wcwswswws,136,China
475,476,blin00,19,United States
476,477,Maristie,111,
477,478,bigmiaomiao,111,United States
478,479,linjiale,118,China
479,480,CoolMaoKu,48,China
480,481,migeater,56,China
481,482,askdfjlas123,40,
482,483,acst,18,China
483,484,LighT-cml,43,China
484,485,celesta,14,Japan
485,486,johnathan79717,40,China
486,487,grby,101,China
487,488,voidmaina,82,Bulgaria
488,489,JeffreyLC,109,Hong Kong
489,490,_____zhu-mi-lian,27,China
490,491,zhenguowcs,55,China
491,492,lj_shinnn,26,China
492,493,Turkhuu,23,Mongolia
493,494,a-zi-cong-xiao-jiu-hen-ke-ai-w,18,China
494,495,cf_newbie,82,United States
495,496,simpleson,206,China
496,497,GoldenShadow5,85,United States
497,498,dpdpdp,38,China
498,499,yge2,56,
499,500,Jo3kerR,23,India
500,501,wzc1995,20,China
501,502,pauldb89,23,United States
502,503,yangy-4,49,China
503,504,inszva-2,38,China
504,505,hum,184,China
505,506,googlweknoall,83,
506,507,caoboxiao,45,
507,508,jika_jik,56,India
508,509,azala,140,United States
509,510,radiancesheep,157,China
510,511,betrue12,23,Japan
511,512,tmt514,18,Taiwan
512,513,tanmay_raj_29,83,India
513,514,DansGame,123,China
514,515,lalalacute,10,Hong Kong
515,516,chunjie,118,China
516,517,naivebird,11,China
517,518,mostleg,28,China
518,519,ericlong,128,China
519,520,taobingxue,64,China
520,521,cjy-e,93,China
521,522,pjincz,40,China
522,523,_aki_,12,China
523,524,shakibahmed01999,130,
524,525,ccctttd,43,Taiwan
525,526,dkyyy,28,China
526,527,BreezeMy,10,China
527,528,heLeet,35,
528,529,carotwang,93,China
529,530,liulx15,106,China
530,531,owen2,96,United States
531,532,bonilha,23,Brazil
532,533,Chelsea_Liu,9,United States
533,534,ding-fei-5,74,China
534,535,triplem5ds,12,Egypt
535,536,cola99,7,China
536,537,cvwan-jia,19,China
537,538,PugachAG,22,Switzerland
538,539,enzo2002,9,China
539,540,r07922080,32,
540,541,JDEP,58,
541,542,siu_14,89,China
542,543,zzxzxzzxz,41,Taiwan
543,544,_Anicca,121,China
544,545,@_deleted_user_200b6f04,12,Israel
545,546,66bro-CUNY,41,
546,547,lg52931,7,United States
547,548,leonard7,42,China
548,549,SupervisorMayHap,118,China
549,550,pedrohlf,24,Brazil
550,551,so-what-ex,100,China
551,552,hoanh,106,
552,553,RsEnts,9,
553,554,txingml,280,China
554,555,drrrzdk,26,China
555,556,zhang-xing-yan,27,China
556,557,ztxz16,15,China
557,558,liao119,110,United States
558,559,llcD_K,91,China
559,560,CUNY-66brother,92,United States
560,561,ztx97,30,China
561,562,yunkun,62,United States
562,563,stardustdl,29,China
563,564,jonathansculley,31,United States
564,565,aguang-xyz,36,New Zealand
565,566,daltao,32,China
566,567,wanghaocheng,27,China
567,568,catalin7,18,Romania
568,569,hsuan-ting,32,Taiwan
569,570,r_d_,32,India
570,571,yaroslav-repeta,98,United States
571,572,cszclin,102,Japan
572,573,luobogao,31,Taiwan
573,574,zhzho,173,China
574,575,HUST_DHC,48,China
575,576,mickeyandkaka1,120,China
576,577,meng-hsuan,37,
577,578,fextivity,4,
578,579,edorundo,14,United States
579,580,wayuze,50,China
580,581,There_Were_None,19,China
581,582,swf,90,
582,583,cs2022spring_ivatopuria,10,Georgia
583,584,zhouzixuan,11,China
584,585,lyw_,49,China
585,586,king-yyf,76,China
586,587,azukun,38,Russia
587,588,kuannoodle,49,United States
588,589,LeviZhang1993,35,United States
589,590,bojack1,37,India
590,591,twitch_tv_qiqi_impact,58,
591,592,ssigurdsson,20,Iceland
592,593,harttle,214,China
593,594,fr35h1nd,36,China
594,595,suspicious-keldyshlkl,8,China
595,596,VoidSolitary,14,China
596,597,maxcruickshanks,56,Canada
597,598,psc233,8,China
598,599,mo-shuo-sha,31,China
599,600,SBofGaySchool,40,
600,601,dengyun,16,China
601,602,palayutm,10,China
602,603,IlGJNk1zYk,115,China
603,604,jcfernandez,54,United States
604,605,AhmedEzzat,27,Egypt
605,606,gnocuil22,29,China
606,607,fedfan,26,India
607,608,neeraj745,39,India
608,609,rarakasm,69,Taiwan
609,610,ballon,16,Ukraine
610,611,pedro,119,Portugal
611,612,SsssD,69,China
612,613,GCYeh,83,Taiwan
613,614,hamburger-12,8,China
614,615,emonzhong,21,China
615,616,charming-almeidafsz,12,China
616,617,cs142857,26,美国
617,618,nicku5011,24,Hong Kong
618,619,max-fw,20,China
619,620,li-kou-xiao-bai-be,10,China
620,621,usephysics,76,Canada
621,622,lyc-music,12,China
622,623,anujdhillxn,68,India
623,624,anhpp,84,
624,625,xietiansh,17,
625,626,ZhongnianTao,32,
626,627,Nervose,94,China
627,628,lawliet-s,37,China
628,629,ding-4e,29,China
629,630,myheimu,65,China
630,631,dadboss,34,India
631,632,yuzining,41,China
632,633,123454321,21,
633,634,shouao,38,China
634,635,Altynai,69,Netherlands
635,636,anhpp,26,China
636,637,lost-temple-2,161,China
637,638,soumyadeep_pal_21,21,India
638,639,timothygao8710,29,United States
639,640,user3013OR,33,
640,641,Aragog,123,China
641,642,HideN2000,11,Japan
642,643,AlphaS,36,Indonesia
643,644,crazymerlyn,29,India
644,645,mmooyyii,152,China
645,646,kaikaikaikaikai,10,Kazakhstan
646,647,chan77,33,China
647,648,Xiaohao2019,70,
648,649,oreo816,14,
649,650,shhk,36,China
650,651,sshang,205,China
651,652,jasxu,238,China
652,653,CyprienH,64,United States
653,654,@_deleted_user_27e808cd,61,United States
654,655,fsyun,66,China
655,656,_kay,107,
656,657,cyh_ustc,80,新加坡
657,658,cloudstrife0142,81,United States
658,659,buaabarty,40,China
659,660,baohiep,22,Vietnam
660,661,ddoudle,222,China
661,662,fpeterfalvi,50,
662,663,sobols,81,
663,664,Chap_,59,China
664,665,alpha_null,75,Vatican
665,666,stormsunshine,319,China
666,667,di-shou,11,China
667,668,ruralboy,74,China
668,669,ZeRoLJ42,91,China
669,670,YoungForest,64,China
670,671,realnoname,28,
671,672,981377660LMT,56,南极洲
672,673,YangZhenjian,88,China
673,674,MtSaka,29,Japan
674,675,msxie,29,China
675,676,CE_RE_WAyitiaolong,41,海外
676,677,tyagsa,31,India
677,678,timfany,7,
678,679,aimyon74,12,China
679,680,ChangkunLi,70,United States
680,681,ch365,41,China
681,682,cntsmf,14,China
682,683,hesorchen,45,China
683,684,benmirt,14,
684,685,sjoin,19,
685,686,yuhsiangliu,103,Canada
686,687,lovelydays95,70,South Korea
687,688,linxiaotian,123,China
688,689,qwertier,21,China
689,690,plus2047,179,China
690,691,dj2014,39,
691,692,yaketake08,19,Japan
692,693,beginner1010,42,United States
693,694,jojayoh,50,
694,695,gradesking,60,China
695,696,madlogic,20,Nigeria
696,697,singh_deopa,123,
697,698,nosrpku,23,United States
698,699,tfliao,79,Taiwan
699,700,dush1729,150,India
700,701,ericlege98,31,
701,702,looking-for-jobs-in-sg,67,China
702,703,xyl-5,25,China
703,704,daurenabd,50,Kazakhstan
704,705,Chasey,151,Ukraine
705,706,logsniper,55,新西兰
706,707,zhantons,21,
707,708,jt3698,31,
708,709,YoungForest,139,China
709,710,fallleaves01,12,China
710,711,markxyb,72,
711,712,shogunpang,9,Japan
712,713,FreeYourMind,107,China
713,714,underflow_,55,
714,715,ging-sx,21,China
715,716,iscream-3,17,China
716,717,astroash,68,India
717,718,yatin_kwatra,87,India
718,719,alex_salcianu,75,United States
719,720,lkh1018,136,Hong Kong
720,721,737,26,China
721,722,newsession,17,China
722,723,beyond-57i,42,China
723,724,chenreddy0207,84,United States
724,725,ddmike,181,China
725,726,minghuiw,40,China
726,727,nsk,21,China
727,728,fsqhxrcjw,41,United States
728,729,igoodvegetablea,15,China
729,730,ronnith,36,United Kingdom
730,731,cheng-liang-yu,110,China
731,732,Jesko,213,United States
732,733,zyxwvu164,21,United States
733,734,alexlinzhai,20,United States
734,735,IsaacMoris,8,Egypt
735,736,itishagarwal2000,59,India
736,737,zzzzzzz-v7,21,China
737,738,qi-ying-dv,19,China
738,739,zhouzl,54,China
739,740,seeean,152,
740,741,aztk,9,United States
741,742,XKTZ,13,
742,743,QAMichaelPeng,167,China
743,744,comonad,27,China
744,745,amano-sei,46,南极洲
745,746,HMAXS,26,China
746,747,boringleetcode,20,
747,748,mcy4ever,137,
748,749,wxy9018,183,United States
749,750,Kap_0eesh,24,India
750,751,facelessvoid,78,United States
751,752,praying-3,16,China
752,753,nagabhushan,56,India
753,754,whatjjy2521,45,United States
754,755,tiankonguse,107,China
755,756,qpwoeirut,64,United States
756,757,wyh9346,50,United States
757,758,user3517H,112,
758,759,fuwutu,53,China
759,760,implicit,46,China
760,761,zigzag-3z,11,China
761,762,Bakerston,80,United States
762,763,joy32812,112,China
763,764,ac-is-ok,38,China
764,765,yuan_love_mm,62,China
765,766,csc-c,14,China
766,767,waakaaka,8,United States
767,768,RayKau,58,China
768,769,Kujo-Jolyne,55,China
769,770,event_loop,80,China
770,771,pkugs,12,China
771,772,chang_you_ren,99,China
772,773,sas4eka,14,Netherlands
773,774,Arsenal-591,128,China
774,775,Rick_Scott,19,India
775,776,riyushhh,28,India
776,777,wa_king,11,China
777,778,roma95,9,United States
778,779,netvope,54,
779,780,zdkk,80,China
780,781,Haksell,19,France
781,782,izaj_iitkgp,37,India
782,783,SN1995dz,27,
783,784,chiakimio,81,China
784,785,iilj,64,Japan
785,786,xmentex,51,Bulgaria
786,787,shiguojq,90,China
787,788,lavoisier,21,China
788,789,T12LISwaEd,12,China
789,790,dvd-5,22,China
790,791,steiner,17,Germany
791,792,cheatcode,31,India
792,793,blzhu,85,China
793,794,Time-Limit,112,China
794,795,NK-,36,Canada
795,796,cc0408,27,China
796,797,mopriestt,47,Australia
797,798,yurisantamarina,15,Brazil
798,799,imcom,16,
799,800,Yao_Yin,117,Japan
800,801,zaozhe,79,China
801,802,griffinmclennan,76,Canada
802,803,bragcat,31,China
803,804,suspicious-colden,4,China
804,805,Rocknite,19,
805,806,elgir,59,China
806,807,darkaimagic,35,China
807,808,HIT_TOM,32,China
808,809,LaSeineFirenze,42,China
809,810,hx073269,14,China
810,811,ocavue,70,
811,812,ZihanWang98,33,United States
812,813,ManuShi98,47,United States
813,814,Ayanerru,352,Taiwan
814,815,leonardoblanger,21,Brazil
815,816,wengh,23,Canada
816,817,mengpq,53,
817,818,siousate,34,
818,819,lotato,22,China
819,820,wan-an-w0,25,China
820,821,nirvana_rsc,113,Switzerland
821,822,hwhuige,16,
822,823,PiggyHead,36,
823,824,wisdompeak,312,China
824,825,9646516,20,China
825,826,roujiang,93,China
826,827,vkgames,28,United States
827,828,perfectpan,79,China
828,829,Tinky1224,100,Taiwan
829,830,fan-cai,44,China
830,831,moririn2528,59,
831,832,piscesdream-7,145,China
832,833,jolly-driscolln3s,8,China
833,834,foobar_withgoogle,40,
834,835,HW87,66,
835,836,Joey__Wong,46,China
836,837,sienna-s,37,China
837,838,flyman3046,140,United States
838,839,AleksQ,32,
839,840,liu-zhe-xuan,50,China
840,841,wangdh15,50,
841,842,Alex_xi,106,China
842,843,tommyjiang,215,China
843,844,SQRPI,43,China
844,845,all_too_well,57,Mexico
845,846,Amiy2908,29,
846,847,shuba400,25,India
847,848,uryuu,11,China
848,849,d--,5,Canada
849,850,a_good_loser,88,China
850,851,_chemthan,5,Vietnam
851,852,ha-ha-ha-wo-hao-kuai-le-a,33,China
852,853,Tony_1234,43,Canada
853,854,hansen111,128,Indonesia
854,855,ttzztztz,123,Japan
855,856,temirulan,29,Kazakhstan
856,857,tongtongac,35,China
857,858,korys,32,China
858,859,z_zhaojun,41,China
859,860,Tyrande,140,
860,861,NerdyCoder,256,United States
861,862,cherish-87,121,China
862,863,Qg3,52,India
863,864,frostdemonn,29,
864,865,ian-3k,20,China
865,866,eureka17,27,China
866,867,dl3182,184,
867,868,Nikitosh,11,
868,869,plasmatic,8,Canada
869,870,satviksr,32,India
870,871,lostleaf,39,China
871,872,plevande,12,
872,873,yk000123,27,
873,874,lifehappy01,34,China
874,875,kretash,61,United States
875,876,piyifan,15,
876,877,3WpeebDOgN,18,China
877,878,terranw,54,
878,879,apoi2333,41,China
879,880,Looking_up_at_the_starry_sky,17,China
880,881,peichaoD,71,United States
881,882,quantuminfo,75,United States
882,883,silmue,36,China
883,884,lu-chen-chen,134,China
884,885,chinesedfan,71,
885,886,ray_striker,34,India
886,887,brthyyjp,93,
887,888,chang-you-ren,44,China
888,889,tanriol,28,
889,890,dong-xiao-ming-n,30,China
890,891,zdu011,41,
891,892,ldqing-wu-fei-yang,41,China
892,893,han-zhi-ken-qi,41,China
893,894,sub-o,6,China
894,895,scut_dell,217,China
895,896,ben100,27,Singapore
896,897,baislsl,58,China
897,898,kytabyte,98,Canada
898,899,muhandae,101,United Kingdom
899,900,gyosh,13,Indonesia
900,901,bloistercvlt,54,China
901,902,lucien_z,94,China
902,903,shdut-7,10,China
903,904,ksit,18,United States
904,905,Fzldq,44,China
905,906,FoolPerson,25,
906,907,ajinkya1p3,21,India
907,908,cui-ren-lei-xia-shi-qing-hua,61,China
908,909,lwpyr,159,China
909,910,ttregister,81,China
910,911,tkgnus,46,
911,912,DBabichev,92,France
912,913,aktgb_31,58,India
913,914,Iori-Fuyusaka,19,南极洲
914,915,yiwiy,33,China
915,916,sw2000,7,China
916,917,roaris,44,Japan
917,918,yqunc,59,China
918,919,roll_no_1,19,India
919,920,abhidot,45,India
920,921,vbomedeiros,17,United States
921,922,_merlin_,51,India
922,923,Chris_T,9,Nepal
923,924,williamljb,38,China
924,925,physxu,18,United States
925,926,lu-fei-xm,29,China
926,927,athosd,13,China
927,928,keep-fighting,66,China
928,929,DimmyT,18,Kazakhstan
929,930,anh_tai,85,Vietnam
930,931,EDIEEE,61,North Korea
931,932,Mayur9agt,50,India
932,933,qodjf,16,China
933,934,youx,72,South Korea
934,935,while-true-coding,178,China
935,936,huntersjm,132,
936,937,evancui,70,China
937,938,catnipan,181,China
938,939,abhinash_giri,40,India
939,940,izackwu,68,Singapore
940,941,hkmaxi,84,India
941,942,YLDJW,119,摩纳哥
942,943,wyj20154348,139,China
943,944,traumatized,19,
944,945,dbolohan,50,Romania
945,946,weissle,76,China
946,947,foolbit,22,China
947,948,levy0834,20,China
948,949,phungtienminh,21,Vietnam
949,950,xxgj,88,China
950,951,lsk-bf,21,China
951,952,namasikanam,12,
952,953,xor0,17,China
953,954,sanjusss,157,China
954,955,yottacto,41,China
955,956,zlpiscoming,19,China
956,957,littlefriend1995,11,China
957,958,lz2657,29,
958,959,loodv002,46,Taiwan
959,960,chuan-chih,260,
960,961,baitianshuijiao,48,China
961,962,badriisurmi,44,India
962,963,IamVaibhave53,138,India
963,964,jiangyanerpang,46,China
964,965,funny-chaplyginbiw,14,China
965,966,candyore,24,China
966,967,autumn_eel,28,Japan
967,968,seedjyh,167,China
968,969,ziliuziliu,37,China
969,970,zhao-yang-24,43,China
970,971,mastoori1234,76,United States
971,972,ankan2526,41,India
972,973,xywang0520,155,China
973,974,socrates1232,107,China
974,975,hruif,77,
975,976,okaduki,118,Japan
976,977,bipinpathak,30,India
977,978,lol0lol,39,United States
978,979,iowk,29,Taiwan
979,980,xiaoxing-e,69,China
980,981,mark-5u,17,China
981,982,HDSpray,48,
982,983,alanlzl,60,
983,984,Herio,34,China
984,985,R3mix,71,United States
985,986,@_deleted_user_1a9d00f9,29,
986,987,yh157612,76,Taiwan
987,988,ADJA,15,Kazakhstan
988,989,444175732,77,China
989,990,martin0327,68,South Korea
990,991,qin-qi-shu-hua-2,65,China
991,992,lx1374327576,14,China
992,993,pseudouser,27,
993,994,0o0lilwvw,29,
994,995,xinxinran,56,China
995,996,HenryLee4,98,China
996,997,dingding1129,21,
997,998,panyuchao,3,China
998,999,thedesalizes,31,China
999,1000,lzn,15,
1000,1001,arnold-sB6fFYLAwX,21,China
1001,1002,happyleetcode,63,
1002,1003,TheRaven,84,United States
1003,1004,st1vdy,8,China
1004,1005,yuanzwan,66,United States
1005,1006,Willem_C,35,China
1006,1007,abhishekvanjani,81,India
1007,1008,shu-xue-zei-chai-de-paranoia,19,China
1008,1009,lz437,60,China
1009,1010,henry15,12,
1010,1011,ni-sheng-1,29,China
1011,1012,wang-yucheng,16,China
1012,1013,leetcodedocteel,116,
1013,1014,MdAbedin,34,United States
1014,1015,abcdhhhh,18,China
1015,1016,YHLee_HK,44,
1016,1017,chentaiyue,43,China
1017,1018,verden,25,China
1018,1019,raynor30,43,United States
1019,1020,hidanom,13,United States
1020,1021,jeeadvanced,23,India
1021,1022,minhquanym,22,Vietnam
1022,1023,dut200901102,40,China
1023,1024,LarryNY-Fan,6,
1024,1025,cd2903,41,United States
1025,1026,hua-man-ren-jian,24,China
1026,1027,KLatitude,120,China
1027,1028,kurisu-b,64,China
1028,1029,windbbt,24,
1029,1030,hinak,15,
1030,1031,quyse,24,Kazakhstan
1031,1032,meyi,8,
1032,1033,flamboyant-mcnultyjhw,7,China
1033,1034,sevenlol,47,Taiwan
1034,1035,ShenTM,40,United States
1035,1036,robinz62,38,United States
1036,1037,maxxjq,112,China
1037,1038,jonowo,24,Hong Kong
1038,1039,RupertD,26,
1039,1040,mzchen,173,United States
1040,1041,n124345679976,64,Taiwan
1041,1042,ac130h,147,United States
1042,1043,brady990,29,新加坡
1043,1044,naranbayaru,54,Singapore
1044,1045,user2937Vz,26,India
1045,1046,npuzj,87,China
1046,1047,USYDLDH,30,
1047,1048,shen_mi_ren,4,China
1048,1049,james_fan1101,25,China
1049,1050,wra,63,China
1050,1051,sudo_Yiii,81,China
1051,1052,zhymaoiing,80,China
1052,1053,kporzycki,22,
1053,1054,mo-mo-140,35,China
1054,1055,apluscs,65,
1055,1056,Carno,49,China
1056,1057,MuWuChen,22,China
1057,1058,gaIIe,75,United States
1058,1059,TakahiroKarasawa,13,North Korea
1059,1060,MizarHo,39,Taiwan
1060,1061,A_Pinterest_Employee,161,United States
1061,1062,polansky,23,United States
1062,1063,secret_jc,9,
1063,1064,ctzsm,80,China
1064,1065,WillWang98,61,United States
1065,1066,sine-7,84,China
1066,1067,goalboy,33,China
1067,1068,pingchungchang,68,
1068,1069,starling-8,5,China
1069,1070,wangshengyu,22,China
1070,1071,albaniliu,38,China
1071,1072,Zonghao_Li,45,
1072,1073,zwling,61,China
1073,1074,OAHOBOHAO,15,
1074,1075,xxgj,19,China
1075,1076,i3eautiful-sammethlv,15,China
1076,1077,KKxbb,47,China
1077,1078,kai-chieh,23,Taiwan
1078,1079,XORring-Samurai,12,India
1079,1080,iynaur87,63,China
1080,1081,jasonch123,95,Taiwan
1081,1082,XBB_HOME,119,China
1082,1083,lazyegg_kwy,137,China
1083,1084,lixx2100,97,United States
1084,1085,sachin0102,48,India
1085,1086,wa_magnet,39,India
1086,1087,sheepv5,20,China
1087,1088,Denzed,32,
1088,1089,umang1975,11,India
1089,1090,naoya_t,98,Japan
1090,1091,wangogogo,70,
1091,1091,747929791,8,China
1092,1092,danieldumitran,54,
1093,1093,duconnor,62,China
1094,1094,n3_,20,
1095,1095,davyjing,49,United States
1096,1096,NbbAndXdd,69,China
1097,1097,zhouzzz,111,China
1098,1098,Mazaalai,112,Mongolia
1099,1099,tokitsukaze,18,China
1100,1100,Anushk_23,74,India
1101,1101,marchem,57,Morocco
1102,1102,antarestrue,85,
1103,1103,rdjwidow,8,China
1104,1104,swss123,30,
1105,1105,soghosh,36,India
1106,1106,easonshi,49,China
1107,1107,fried-chicken,19,China
1108,1108,yuzhifeng1992,72,China
1109,1109,ak_shrana,50,India
1110,1110,ahsu198,22,United States
1111,1111,bofeng07,145,United States
1112,1112,PKUGoodSpeed,34,United States
1113,1113,Aabhas99,58,India
1114,1114,please_AC,203,China
1115,1115,instigation,76,South Korea
1116,1116,feynman_1729_67,68,United Kingdom
1117,1117,k_a_r_a_n,50,India
1118,1118,QingqingXii0iii,31,United States
1119,1119,alisky,19,China
1120,1120,xuetu,31,United States
1121,1121,xaviercai,79,China
1122,1122,kedixa,54,China
1123,1123,firiexp,19,Japan
1124,1124,agix,94,
1125,1125,keymoon,14,
1126,1126,VehicleOfPuzzle,12,United States
1127,1127,alex391a,91,Taiwan
1128,1128,Kwordss,29,China
1129,1129,ngmq,17,Canada
1130,1130,U_U,26,
1131,1131,null_awe,54,United States
1132,1132,fastWrongAnswer,50,China
1133,1133,Leofu,16,Taiwan
1134,1134,waluigi120,48,United States
1135,1135,2997ms,96,China
1136,1136,Honaldo,18,South Korea
1137,1137,chauncey95,32,
1138,1138,hzx-code,77,China
1139,1139,angel30818,169,
1140,1140,raymond_yin,65,China
1141,1141,debajyoti123,61,India
1142,1142,acfboy,12,China
1143,1143,xbr,69,
1144,1144,leet_go,56,United States
1145,1145,everule,6,
1146,1146,chelly-6,12,China
1147,1147,solego,43,China
1148,1148,myrahulanand20,16,India
1149,1149,dexterdreeeam,25,China
1150,1150,Cicindela,37,
1151,1151,shreyasbalakrishna19,45,
1152,1152,xavier13540,9,
1153,1153,arjitkansal,37,India
1154,1154,AndreZWei,76,United States
1155,1155,uier890305,45,Taiwan
1156,1156,yaqizhang,50,United States
1157,1157,jeremyzhang96,192,China
1158,1158,elvinyang,184,United States
1159,1159,404akhan,8,Kazakhstan
1160,1160,bladerunner123,115,
1161,1161,wytrix,45,China
1162,1162,tinylic,34,China
1163,1163,humflelump,66,United States
1164,1164,zhou2003,15,China
1165,1165,xorplus,13,China
1166,1166,Firepaw,68,China
1167,1167,ji-gong,23,China
1168,1168,iamnotwxf,75,China
1169,1169,20210907.biolumi,8,China
1170,1170,0w1,13,Taiwan
1171,1171,luo122174088,25,United States
1172,1172,chgliu,68,Canada
1173,1173,awesome-i2ubinca3,22,China
1174,1174,hikaru__,78,Japan
1175,1175,seanli-oi,19,China
1176,1176,ZurrE,72,China
1177,1177,hao-shou-bu-juan,141,China
1178,1178,vmadhu99,48,United States
1179,1179,nanotrt2333,27,China
1180,1180,zenix-2,70,China
1181,1181,aging_taoran,23,
1182,1182,sepehry,225,Canada
1183,1183,nishitsharma0,21,India
1184,1184,9caiji,101,China
1185,1185,jasonlaw-dev,82,
1186,1186,azure_l,135,China
1187,1187,ferrarima,59,
1188,1188,lxy-tql,12,China
1189,1189,Pogger,25,
1190,1190,2_3_3,9,China
1191,1191,rishabhv__333,20,India
1192,1192,xiaozhi-55,21,China
1193,1193,haruka_,20,China
1194,1194,zhongzh13,47,Japan
1195,1195,hamlet_fiis,131,Peru
1196,1196,SlavaSSU,28,Russia
1197,1197,jl1230,77,
1198,1198,worcester_,16,China
1199,1199,xulantu,11,China
1200,1200,jianshi_coding_2021,41,
1201,1201,caobaohoang03,56,United States
1202,1202,xunrui,65,Canada
1203,1203,Monologue-S,135,China
1204,1204,tushargarg,57,
1205,1205,NotImplemented,39,
1206,1206,rickytheta,7,Japan
1207,1207,gabrieldwu,6,
1208,1208,ericzhang98,60,
1209,1209,omhari,97,India
1210,1210,hcseo,25,South Korea
1211,1211,jiayindeng,51,China
1212,1212,veraci,4,
1213,1213,FreeMem,25,
1214,1214,riny-x,38,China
1215,1215,bigelephant29,15,Taiwan
1216,1216,x372p,161,United States
1217,1217,emmaroberts,103,United States
1218,1218,Phoenix1369,64,Canada
1219,1219,kim_123,44,India
1220,1220,pasricha_dhruv,66,India
1221,1221,Goffe,109,China
1222,1222,IanCN,20,China
1223,1223,somanaik,117,
1224,1224,chensuim,68,China
1225,1225,compton_scatter,85,United States
1226,1226,AMline,82,China
1227,1227,hastings2k,194,China
1228,1228,kasperyang,101,
1229,1229,jiangzk,21,China
1230,1230,x3p2xep2,25,
1231,1231,pseudosodium,18,India
1232,1232,how_to_dfs,73,China
1233,1233,liang5,12,China
1234,1234,cjyang1230,97,Taiwan
1235,1235,hieptk,14,Germany
1236,1236,0am,10,Canada
1237,1237,xhhzz_code,58,China
1238,1238,mban259,24,Japan
1239,1239,gerwang,15,China
1240,1240,lkm_leetcode,45,
1241,1241,sammyRe,30,
1242,1242,remidinishanth,84,
1243,1243,mihaild,7,Russia
1244,1244,changoi,20,India
1245,1245,invincible_0,26,India
1246,1246,gao-bie-xian-yu,8,China
1247,1247,AC_Mikoto,82,China
1248,1248,Galti_Sae_Mistake,23,India
1249,1249,jiangjinjinyxt,103,United States
1250,1250,ffutop,27,China
1251,1251,aayush_chhabra,64,India
1252,1252,dolamanee6122,28,India
1253,1253,silvertint10,167,China
1254,1254,Drew_,18,
1255,1255,jwolf20,42,United States
1256,1256,Amarsanaa,140,Mongolia
1257,1257,galaxies,11,China
1258,1258,eilon,21,
1259,1259,zhang-272,33,China
1260,1260,yogahmad,7,Indonesia
1261,1261,rbleipzig,40,
1262,1262,rsajith,60,United States
1263,1263,marmot0814,12,Taiwan
1264,1264,MecentZZZ,18,China
1265,1265,Kode4Fun,37,United States
1266,1266,yext,30,
1267,1267,_hututu,38,China
1268,1268,fnwjkm,76,United States
1269,1269,Arpan_Bhowmik,93,Bangladesh
1270,1270,shang-jin,28,China
1271,1271,wjyyy,8,China
1272,1272,irt,19,United States
1273,1273,felixhuang07,55,Taiwan
1274,1274,DeadlyCritic,10,Iran
1275,1275,remember_it,59,China
1276,1276,pmnoxx,9,United States
1277,1277,jerryfish233,8,China
1278,1278,bobogei81123,7,
1279,1279,tar_infinity,54,India
1280,1280,flash500,152,China
1281,1281,ChaouS,24,Peru
1282,1282,mathbookpeace,178,Taiwan
1283,1283,dmitry_ulyumdzhiev,5,United Kingdom
1284,1284,chenhao4,30,
1285,1285,liuzhi3434,25,United States
1286,1286,zzb111,16,China
1287,1287,runoxinabox,44,United States
1288,1288,yjt98765,38,China
1289,1289,mo-si-ke-xiong-mao-ren,31,China
1290,1290,ye15,136,United States
1291,1291,retawB,17,United States
1292,1292,joylintp,9,Taiwan
1293,1293,sohelH,181,United States
1294,1294,tuogy,10,China
1295,1295,gofb,27,
1296,1296,NO_COMPETITON,38,India
1297,1297,anorange0409,31,China
1298,1298,LXl491214,17,China
1299,1299,SoulOfCinder,9,China
1300,1300,Satj,84,United States
1301,1301,jklp2,76,China
1302,1302,gittauros,55,China
1303,1303,BlackpinkLisa,37,South Korea
1304,1304,maester_,19,India
1305,1305,amateur_Coder,39,China
1306,1306,hamray,35,Japan
1307,1307,yiqunoy,148,
1308,1308,john801205,56,
1309,1309,einstein-b,24,China
1310,1310,Dragon_Fly_02,26,Vietnam
1311,1311,Wenwen326,57,
1312,1312,maksim1744,4,
1313,1313,ryanguorocket,16,Canada
1314,1314,void_ojbk,34,China
1315,1315,zhuynan,29,China
1316,1316,nnkitsaini,12,India
1317,1317,rogerlrh,27,China
1318,1318,yash_daga,8,India
1319,1319,vrintle,32,India
1320,1320,phoenix0knight,38,Japan
1321,1321,Fried_Potato,15,India
1322,1322,jujimeizuo,42,China
1323,1323,blackskygg,202,China
1324,1324,shdut,61,China
1325,1325,NEFU_datiejiang,24,China
1326,1326,anishde85,11,India
1327,1327,EUqr2c2cjD8nuX5K,260,United States
1328,1328,jiah,181,United States
1329,1329,supimo1029,136,China
1330,1330,CCDV2,24,
1331,1331,aaron_cqzhang,54,United States
1332,1332,idonteatcookie,48,China
1333,1333,zzczzc004,109,
1334,1334,xiao-hai-zi-pao,29,China
1335,1335,maxhwardg,49,Australia
1336,1336,eyu-g,60,China
1337,1337,hcchiu,74,Taiwan
1338,1338,difformitatem,32,
1339,1339,jrengineer,72,United States
1340,1340,SamMos,24,United States
1341,1341,lhh1991117,28,Taiwan
1342,1342,soumit915,56,India
1343,1343,Hankpipi,27,China
1344,1344,louisfghbvc,173,Taiwan
1345,1345,ghouyl-2,180,China
1346,1346,ztllng,48,China
1347,1347,caigogo,14,China
1348,1348,ChihoLam,188,China
1349,1349,ShidaLei,221,Japan
1350,1350,Lawliet890,64,
1351,1351,l_returns,16,India
1352,1352,danghuybk,84,Vietnam
1353,1353,dryice,34,India
1354,1354,tutousi,27,China
1355,1355,aryan57,25,India
1356,1356,IAmConfessor,12,Canada
1357,1357,gustav_h,47,China
1358,1358,lihuoran,54,China
1359,1359,Giraffe_Coder,15,Vietnam
1360,1360,hu-hu-sheng-wei-3,22,China
1361,1361,WhatElseIsThere,10,Russia
1362,1362,fli,32,
1363,1363,panpeng,204,China
1364,1364,Iamyxx,51,China
1365,1365,dasarisrinivas,36,India
1366,1366,yunkai96,32,Malaysia
1367,1367,amitSha,42,India
1368,1368,honghongdepengpeng,21,China
1369,1369,Hewitt_1570,112,China
1370,1370,user4283U,20,China
1371,1371,Aman_j1,47,India
1372,1372,bozh2345,81,China
1373,1373,zhanhaosen233,32,China
1374,1374,wenboz,90,Canada
1375,1375,eshan1809,64,India
1376,1376,akshatjindal02,29,India
1377,1377,andyzhaoxs,52,Hong Kong
1378,1378,sashulya,24,United States
1379,1379,zecong-hu,7,China
1380,1380,Fmindex,78,Thailand
1381,1381,qdd1999,14,United States
1382,1382,cheol,18,South Korea
1383,1383,Meramipop,25,China
1384,1384,icosa,20,India
1385,1385,Dengxj,271,China
1386,1386,jushuai_lfx,115,China
1387,1387,happypotato1207,17,Hong Kong
1388,1388,zephyrr,46,
1389,1389,luxcaelestis,5,
1390,1390,botao-4,20,China
1391,1391,CE_RE_WAyitiaolong,17,
1392,1392,Usain,62,China
1393,1393,xiuyuan-cao,31,美国
1394,1394,DCXiaoBing,221,
1395,1395,is2ac,32,United States
1396,1396,BrWang,95,United States
1397,1397,fredbill,42,China
1398,1398,a_c_w_bdxgd,91,China
1399,1399,the-last-pieces,58,China
1400,1400,shadofren,142,Singapore
1401,1401,donnod,60,United States
1402,1402,mczhuang,13,United States
1403,1403,zipei2124,27,
1404,1404,setayesh,50,Canada
1405,1405,huangbin5,42,China
1406,1406,Aging,118,China
1407,1407,Coup_De_Grace,55,United States
1408,1408,yash30201,22,India
1409,1409,asdf3332,16,
1410,1410,asdju,66,Japan
1411,1411,xing-xing-599,61,China
1412,1412,athensclub,25,Thailand
1413,1413,infallible-i3anach5b9,13,China
1414,1414,annashekhawat,22,United States
1415,1415,ZZXzzx0_0,31,China
1416,1416,deltacancri,71,United States
1417,1417,mmmyq,20,China
1418,1418,ting-ting-28,112,China
1419,1419,Rohit2593,21,India
1420,1420,wytwang-lei,25,China
1421,1421,Windsfantasy6,15,
1422,1422,XuhuiWang,142,United States
1423,1423,juan-juan-juan-i,67,China
1424,1424,18481574-2,17,China
1425,1425,fxfxxxfxx,16,Taiwan
1426,1426,2U_ProMax,40,China
1427,1427,5lipper,42,
1428,1428,0222_,157,China
1429,1429,remfzh,133,
1430,1430,proggerkz,19,Kazakhstan
1431,1431,Vax,9,Poland
1432,1432,davidhuangdw,20,China
1433,1433,karansiwach360,16,India
1434,1434,mujiuyan,33,China
1435,1435,wtf69,12,India
1436,1436,gong-teng-cao-mei,38,China
1437,1437,bayarkhuu,68,United States
1438,1438,tahmid-khan,69,Bangladesh
1439,1439,layor,110,China
1440,1440,REWFALTQ,101,
1441,1441,dancooper,120,
1442,1442,deepak022,53,India
1443,1443,gomamon,72,China
1444,1444,20220309.lyc-x1,13,China
1445,1445,nandakishore323,15,India
1446,1446,peaceful-paynei3f,37,China
1447,1447,agoodloser,65,China
1448,1448,Vopaaz,21,
1449,1449,wangzirui,70,China
1450,1450,st60712,52,Taiwan
1451,1451,lukewu28,45,
1452,1452,meng-duan,56,China
1453,1453,xlllli,56,China
1454,1454,IIIIIIIIIIIIIIIIIIII,219,
1455,1455,angelbeats,144,China
1456,1456,elaine086,92,China
1457,1457,zhaoyu121407,27,
1458,1458,xie-tian-yi,20,China
1459,1459,Arucade,144,Canada
1460,1460,tang-zhi-yuan-2,9,China
1461,1461,Assassin-Killer,46,China
1462,1462,yitanwang,9,
1463,1463,gautamsw5,77,India
1464,1464,mcwhy123,73,China
1465,1465,aknov711,31,India
1466,1466,vmaksimo,14,
1467,1467,home_z,201,China
1468,1468,randc0degen,39,China
1469,1469,harshman_01,65,India
1470,1470,EmZie,17,Bangladesh
1471,1471,XQingwaDa,50,China
1472,1472,grcd,45,China
1473,1473,ou-hai-ziJHu23dNZ,38,China
1474,1474,vuluy,60,
1475,1475,andreslel,43,Colombia
1476,1476,nein1203_unofficial,37,Taiwan
1477,1477,LMSSB,18,比利时
1478,1478,dskloet,15,
1479,1479,wangyurzee7,5,China
1480,1480,Axurez,78,United States
1481,1481,SillyG,60,China
1482,1482,user3754Ay,2,
1483,1483,Netario36,57,China
1484,1484,onakasuitacity,29,Japan
1485,1485,bluebear2,120,China
1486,1486,uchiiii,37,
1487,1487,limengze2019,63,
1488,1488,zapkmsd,16,China
1489,1489,PulkitSharma77,111,India
1490,1490,inversionpeter,116,Taiwan
1491,1491,pjshwa,11,South Korea
1492,1492,simonesestili,27,United States
1493,1493,biltharesatyendra,109,India
1494,1494,kaminyou,58,Taiwan
1495,1495,ryandgoldenberg1,10,
1496,1496,magicpanda,19,China
1497,1497,yukai233,7,China
1498,1498,yanch-6,66,China
1499,1499,wsyzmmx,6,
1500,1500,Tanguilol,143,
1501,1501,ghoshashis545,67,India
1502,1502,bu-xie-zhe-wu-ji-zhi,34,China
1503,1503,Ceay,62,United States
1504,1504,trit,47,China
1505,1505,Laurant,13,
1506,1506,damn-glamour,38,China
1507,1507,bruce-wayne99,23,India
1508,1508,rapchen,40,China
1509,1509,ricky-38,21,China
1510,1510,EulerianMoe,20,United States
1511,1511,toonewbie,7,Azerbaijan
1512,1512,satvikb,15,India
1513,1513,ranksvm,33,Taiwan
1514,1514,shenjiaqi,16,China
1515,1515,matchalatte,116,Taiwan
1516,1516,perry304,89,China
1517,1517,julianzhao0101,113,
1518,1518,Chatillon-25T,37,United States
1519,1519,Rayleigh0328,147,Canada
1520,1520,he-yu-am,12,China
1521,1521,redpanda-w,11,China
1522,1522,Peak_2250_MID_in_King-of-Glory,34,
1523,1523,Tom_Smith,38,China
1524,1524,lydxlx,42,
1525,1525,lzx-w4,34,China
1526,1526,nifty-mayer,9,China
1527,1527,kanai,29,China
1528,1528,zsk99881,30,
1529,1529,ye_che,36,China
1530,1530,doraemondream,9,China
1531,1531,y0g38h_kum4r,75,India
1532,1532,mafulong,112,China
1533,1533,Aliencxl,76,China
1534,1534,dumbunny8128,50,United States
1535,1535,DeepBorys,39,United Kingdom
1536,1536,binsjl,7,Taiwan
1537,1537,ugiknet,92,United States
1538,1538,patel_h,29,India
1539,1539,pathetic-puppy,6,India
1540,1540,sevenloldev,8,Taiwan
1541,1541,hancuizeaux,45,United States
1542,1542,YanJF,104,
1543,1543,shantanu_joshi21,27,India
1544,1544,Gambler147,87,United States
1545,1545,jarvis57,13,
1546,1546,j-i-n-x,20,China
1547,1547,mariusd,23,
1548,1548,vigilant-perlmanstv,32,China
1549,1549,hwei002,139,
1550,1550,gxtchenry,22,United States
1551,1551,kyttndr,50,Canada
1552,1552,ttjtftx,45,Taiwan
1553,1553,icekh,50,
1554,1554,swordfeng,10,United States
1555,1555,suibianfahui,87,China
1556,1556,weihongji1206,20,
1557,1557,JohnsonTau,53,China
1558,1558,dontcallmepandey,15,India
1559,1559,forever_moon,20,俄罗斯
1560,1560,kepadedaidai,30,China
1561,1561,arjune,17,India
1562,1562,Nreyog,131,China
1563,1563,fuppy,8,Japan
1564,1564,hirokazu1020,45,Japan
1565,1565,BrehamPie,16,Bangladesh
1566,1566,wkb-4,18,China
1567,1567,bogo7846,46,
1568,1568,tommyjiang,61,China
1569,1569,levyjeng,31,China
1570,1570,doreamon_,17,India
1571,1571,abhigyankole,43,India
1572,1572,please_AC,68,China
1573,1573,yifan-393,31,China
1574,1574,changhsumath666,24,
1575,1575,qbnewb,31,China
1576,1576,Acepted,142,China
1577,1577,QYHamster,18,
1578,1578,Happymood,39,India
1579,1579,wanghaocheng,23,
1580,1580,mchandy36,21,
1581,1581,YinuoWang,44,Canada
1582,1582,dettier,72,United Kingdom
1583,1583,danzhi,227,
1584,1584,ianlini,49,
1585,1585,mtjtju,53,China
1586,1586,Xiao__Jun,154,United States
1587,1587,JYLEELYJ,27,China
1588,1588,Saharsh-R,81,
1589,1589,first_vil,20,Japan
1590,1590,kafuu-chino,20,China
1591,1591,punitg8,23,India
1592,1592,afhi,43,China
1593,1593,sillyeye,28,China
1594,1594,lih627,101,China
1595,1595,shunh,30,Hong Kong
1596,1596,kf11,7,China
1597,1597,zhangsz1998,133,China
1598,1598,user2062fQ,14,
1599,1599,NEFU_YDL,22,China
1600,1600,ViktoriiaKovalova,11,Ukraine
1601,1601,ChelseaChenC,55,
1602,1602,shi-shi-kan-m,179,China
1603,1603,jaewonjo,105,South Korea
1604,1604,qzane,47,United States
1605,1605,qwsin,10,China
1606,1606,xymabinogi,38,
1607,1607,dream_traveler,26,China
1608,1608,immike,121,China
1609,1609,shr1219,43,China
1610,1610,huaiyan,170,China
1611,1611,arpitpandey992,18,India
1612,1612,ruo-ne-2,28,China
1613,1613,mon0pole,41,India
1614,1614,little_angel,25,India
1615,1615,yuhwu,84,United States
1616,1616,gang-hao-5n,64,China
1617,1617,1214367903,49,China
1618,1618,ikMtn2MV6A,15,China
1619,1619,rauschaj,13,United States
1620,1620,qingrongc,31,
1621,1621,WRWRW,208,Australia
1622,1622,areke,40,
1623,1623,penguinarsonist,29,United States
1624,1624,xhchen-2,59,China
1625,1625,katorin,36,Vietnam
1626,1626,isaache,45,China
1627,1627,dsamain_,19,France
1628,1628,democoffee,212,
1629,1629,jiaxiangwu,85,China
1630,1630,ssid8802,22,India
1631,1631,Respect-it,15,India
1632,1632,nshal,74,Russia
1633,1633,xiao-hai-zi-cai-zuo-xuan-ze-ti,34,China
1634,1634,agakishy,141,Ukraine
1635,1635,alanchan0729,16,Canada
1636,1636,jghy53508,12,China
1637,1637,up9up,39,开曼群岛
1638,1638,adityakumar09092021,28,India
1639,1639,KinghtH0407,50,China
1640,1640,user4576L,31,
1641,1641,Sun_WuKong,67,Singapore
1642,1642,chen-jn-6,6,China
1643,1643,stler,52,China
1644,1644,bang-bang-tang-4w,67,China
1645,1645,rockstar,73,China
1646,1646,tyhaha,36,China
1647,1647,MMMMMMoSky,112,China
1648,1648,danielchandg,112,United States
1649,1649,SagarAman,46,
1650,1650,ph52,39,
1651,1651,bpdolson,14,United States
1652,1652,constroy,25,China
1653,1653,vmarunin,26,Russia
1654,1654,Yoks1729,53,
1655,1655,jdeptct,10,China
1656,1656,trsteel,66,China
1657,1657,kkdrummer,20,India
1658,1658,helloworld201801,36,
1659,1659,thedude7181,57,United States
1660,1660,storyn43767,34,
1661,1661,xil899,82,United States
1662,1662,ji_wei,28,China
1663,1663,nyaruko,55,
1664,1664,MrMoooo,20,United States
1665,1665,zhkgogogo,32,China
1666,1666,leetcode_dafu,150,
1667,1667,malfple,8,
1668,1668,hanhsienhuang,59,Taiwan
1669,1669,gongtiansu,5,
1670,1670,Mrsuyi,52,United States
1671,1671,jing-wu,12,China
1672,1672,xiao-xiao-dimeng-huan,39,China
1673,1673,colinchen94,49,China
1674,1674,TheSink,52,China
1675,1675,kesihai,69,China
1676,1676,aiyishengaiyishi,16,China
1677,1677,oshwiciqwq,4,China
1678,1678,wincss,187,China
1679,1679,kweezy,36,United States
1680,1680,number59,61,China
1681,1681,qb_2008,60,China
1682,1682,samcpp,67,
1683,1683,keker0113,50,China
1684,1684,mattrl,55,United States
1685,1685,OmakaseMaster,41,United States
1686,1686,AdamTai,305,United States
1687,1687,EAirPeter,10,
1688,1688,xuhr,132,Singapore
1689,1689,vos-hod,27,Japan
1690,1690,souradeep19999,24,India
1691,1691,Socyrus,12,China
1692,1692,idealism,89,
1693,1693,fliptheswitch,16,Canada
1694,1694,tlnroelz,12,American Samoa
1695,1695,mshvets,33,Ukraine
1696,1696,kangbb,116,Taiwan
1697,1697,huytq000605,61,Singapore
1698,1698,moyan1082,96,China
1699,1699,glendonhu,132,China
1700,1700,dedpoolman,25,India
1701,1701,Verdict_AC,24,Taiwan
1702,1702,pandapower,28,
1703,1703,XingHe_XingHe,35,China
1704,1704,Anna_C,84,United States
1705,1705,AhmedSedek,19,Egypt
1706,1706,menborong,13,South Korea
1707,1707,Anoxiacxy,8,China
1708,1708,sgcolin,17,China
1709,1709,kelvinchandra1024,145,Japan
1710,1710,saarixx,50,Ukraine
1711,1711,lu-you-guan-guang,9,China
1712,1712,tiu-h,9,China
1713,1713,xiao-zhu-2,45,China
1714,1714,htbkoo,46,Hong Kong
1715,1715,lanti,17,China
1716,1716,user4607v,141,United States
1717,1717,joshuaxiao13,19,Canada
1718,1718,lifeofpriyam2,36,India
1719,1719,karutz,39,Australia
1720,1720,_dc,55,China
1721,1721,xyseu1,31,China
1722,1722,eseo88,20,
1723,1723,gqqggqqg,51,China
1724,1724,Attttrx,74,China
1725,1725,augustus3,82,
